<?xml version="1.0" encoding="utf-8"?>
<WorldMetaData xmlns:xsd="http://www.w3.org/2001/XMLSchema" xmlns:xsi="http://www.w3.org/2001/XMLSchema-instance">
  <Game>Assembly-CSharp</Game>
  <GameVersion>0.2.3412.16740</GameVersion>
  <DateTime>133018782023577949</DateTime>
  <DaysPast>4</DaysPast>
  <WorldName>Moon</WorldName>
  <IsOnAwayMission>false</IsOnAwayMission>
  <WorldTravelCount>0</WorldTravelCount>
  <WorldFileName>DaMoon</WorldFileName>
  <WorkShopFileHandle>0</WorkShopFileHandle>
  <NumberOfRooms>2</NumberOfRooms>
  <NumberOfPipeNetworks>2</NumberOfPipeNetworks>
  <NumberOfCableNetworks>2</NumberOfCableNetworks>
  <NumberOfThings>756</NumberOfThings>
  <NumberOfAtmospheres>109</NumberOfAtmospheres>
  <NumberOfAsteriods>0</NumberOfAsteriods>
</WorldMetaData>