<?xml version="1.0" encoding="utf-8"?>
<WorldMetaData xmlns:xsd="http://www.w3.org/2001/XMLSchema" xmlns:xsi="http://www.w3.org/2001/XMLSchema-instance">
  <Game>Assembly-CSharp</Game>
  <GameVersion>0.2.3409.16733</GameVersion>
  <DateTime>133017114876565614</DateTime>
  <DaysPast>0</DaysPast>
  <WorldName>Moon</WorldName>
  <IsOnAwayMission>false</IsOnAwayMission>
  <WorldTravelCount>0</WorldTravelCount>
  <WorldFileName>DaMoon</WorldFileName>
  <WorkShopFileHandle>0</WorkShopFileHandle>
  <NumberOfRooms>0</NumberOfRooms>
  <NumberOfPipeNetworks>0</NumberOfPipeNetworks>
  <NumberOfCableNetworks>0</NumberOfCableNetworks>
  <NumberOfThings>120</NumberOfThings>
  <NumberOfAtmospheres>10</NumberOfAtmospheres>
  <NumberOfAsteriods>0</NumberOfAsteriods>
</WorldMetaData>