<?xml version="1.0" encoding="utf-8"?>
<WorldMetaData xmlns:xsd="http://www.w3.org/2001/XMLSchema" xmlns:xsi="http://www.w3.org/2001/XMLSchema-instance">
  <Game>Assembly-CSharp</Game>
  <GameVersion>0.2.3418.16750</GameVersion>
  <DateTime>133019135228055027</DateTime>
  <DaysPast>32</DaysPast>
  <WorldName>Moon</WorldName>
  <IsOnAwayMission>false</IsOnAwayMission>
  <WorldTravelCount>0</WorldTravelCount>
  <WorldFileName>DaMoon</WorldFileName>
  <WorkShopFileHandle>0</WorkShopFileHandle>
  <NumberOfRooms>5</NumberOfRooms>
  <NumberOfPipeNetworks>7</NumberOfPipeNetworks>
  <NumberOfCableNetworks>5</NumberOfCableNetworks>
  <NumberOfThings>1061</NumberOfThings>
  <NumberOfAtmospheres>175</NumberOfAtmospheres>
  <NumberOfAsteriods>0</NumberOfAsteriods>
</WorldMetaData>