<?xml version="1.0" encoding="utf-8"?>
<WorldMetaData xmlns:xsd="http://www.w3.org/2001/XMLSchema" xmlns:xsi="http://www.w3.org/2001/XMLSchema-instance">
  <Game>Assembly-CSharp</Game>
  <GameVersion>0.2.3412.16740</GameVersion>
  <DateTime>133018826592887205</DateTime>
  <DaysPast>7</DaysPast>
  <WorldName>Moon</WorldName>
  <IsOnAwayMission>false</IsOnAwayMission>
  <WorldTravelCount>0</WorldTravelCount>
  <WorldFileName>DaMoon</WorldFileName>
  <WorkShopFileHandle>0</WorkShopFileHandle>
  <NumberOfRooms>3</NumberOfRooms>
  <NumberOfPipeNetworks>4</NumberOfPipeNetworks>
  <NumberOfCableNetworks>2</NumberOfCableNetworks>
  <NumberOfThings>787</NumberOfThings>
  <NumberOfAtmospheres>112</NumberOfAtmospheres>
  <NumberOfAsteriods>0</NumberOfAsteriods>
</WorldMetaData>